<?xml version="1.0" encoding="utf-8"?>
<databaseChangeLog
        xmlns="http://www.liquibase.org/xml/ns/dbchangelog"
        xmlns:xsi="http://www.w3.org/2001/XMLSchema-instance"
        xsi:schemaLocation="http://www.liquibase.org/xml/ns/dbchangelog http://www.liquibase.org/xml/ns/dbchangelog/dbchangelog-3.8.xsd">

    <changeSet id="1" author="luke" runAlways="true" runOnChange="true">
        <createTable tableName="workflow_definition">
            <column name="id" type="${uuidType}" defaultValue="${uuidFunction}">
                <constraints primaryKey="true" nullable="false"/>
            </column>
            <column name="name" type="varchar(255)"/>
            <column name="description" type="varchar(255)"/>
            <column name="type" type="varchar(255)"/>
            <column name="author" type="varchar(255)"/>
            <column name="create_date" type="timestamp" defaultValue="${now}"/>
            <column name="modify_date" type="timestamp" defaultValue="${now}"/>
            <column name="object_version" type="bigint"/>
        </createTable>

        <createTable tableName="workflow_task_definition">
            <column name="id" type="${uuidType}" defaultValue="${uuidFunction}">
                <constraints primaryKey="true" nullable="false"/>
            </column>
            <column name="name" type="varchar(255)"/>
            <column name="description" type="varchar(255)"/>
            <column name="parameters" type="varchar(4000)"/>
            <column name="outputs" type="varchar(4000)"/>
            <column name="previous_task" type="varchar(255)"/>
            <column name="next_task" type="varchar(255)"/>
            <column name="create_date" type="timestamp" defaultValue="${now}"/>
            <column name="modify_date" type="timestamp" defaultValue="${now}"/>
            <column name="workflow_definition_id" type="${uuidType}">
                <constraints nullable="false" foreignKeyName="fk_workflow_task_definition_workflow_definition" references="workflow_definition(id)"/>
            </column>
            <column name="object_version" type="bigint"/>
        </createTable>

        <createTable tableName="workflow_execution">
            <column name="id" type="${uuidType}" defaultValue="${uuidFunction}">
                <constraints primaryKey="true" nullable="false"/>
            </column>
            <column name="workflow_definition_id" type="${uuidType}">
                <constraints nullable="false" foreignKeyName="fk_workflow_execution_workflow_definition" references="workflow_definition(id)"/>
            </column>
            <column name="executed_by" type="varchar(255)"/>
            <column name="executed_for" type="varchar(255)"/>
            <column name="status" type="varchar(255)"/>
            <column name="start_date" type="timestamp" defaultValue="${now}"/>
            <column name="end_date" type="timestamp" defaultValue="${now}"/>
            <column name="object_version" type="bigint"/>
        </createTable>

        <createTable tableName="workflow_task_execution">
            <column name="id" type="${uuidType}" defaultValue="${uuidFunction}">
                <constraints primaryKey="true" nullable="false"/>
            </column>
            <column name="workflow_execution_id" type="${uuidType}">
                <constraints nullable="false" foreignKeyName="fk_workflow_task_execution_workflow_execution" references="workflow_execution(id)"/>
            </column>
            <column name="workflow_task_definition_id" type="${uuidType}">
                <constraints nullable="false" foreignKeyName="fk_workflow_task_execution_workflow_task_definition" references="workflow_task_definition(id)"/>
            </column>
            <column name="arguments" type="varchar(4000)"/>
            <column name="results" type="varchar(4000)"/>
            <column name="status" type="varchar(255)"/>
            <column name="start_date" type="timestamp" defaultValue="${now}"/>
            <column name="end_date" type="timestamp" defaultValue="${now}"/>
            <column name="last_update_date" type="timestamp" defaultValue="${now}"/>
            <column name="object_version" type="bigint"/>
        </createTable>
        <createTable tableName="workflow_checker_definition">
            <column name="task_id" type="${uuidType}" defaultValue="${uuidFunction}">
                <constraints nullable="false" foreignKeyName="fk_workflow_checker_definition_task_definition_id" references="workflow_task_definition(id)"/>
            </column>
            <column name="workflow_checker_id" type="${uuidType}" defaultValue="${uuidFunction}">
                <constraints nullable="false" foreignKeyName="fk_workflow_checker_definition_checker_workflow_definition_id" references="workflow_definition(id)"/>
            </column>
            <column name="cron_expression" type="varchar(255)"/>
            <column name="next_workflow_id" type="${uuidType}" defaultValue="${uuidFunction}">
                <constraints nullable="false" foreignKeyName="fk_workflow_checker_definition_next_workflow_id" references="workflow_definition(id)"/>
            </column>
        </createTable>
        <addPrimaryKey
                columnNames="workflow_checker_id, task_id"
                constraintName="pk_workflow_checker_definition"
                tableName="workflow_checker_definition"/>
    </changeSet>
</databaseChangeLog>
