{
    "partition_3": {
        "Dir": "/var/application/src-partition_3",
        "Proxy": [
            "/var/application/src-partition_3/daytrader-ee7-ejb/src/main/java/com/ibm/websphere/samples/daytrader/TradeAction.java",
            "/var/application/src-partition_3/daytrader-ee7-ejb/src/main/java/com/ibm/websphere/samples/daytrader/beans/MarketSummaryDataBean.java",
            "/var/application/src-partition_3/daytrader-ee7-ejb/src/main/java/com/ibm/websphere/samples/daytrader/beans/RunStatsDataBean.java",
            "/var/application/src-partition_3/daytrader-ee7-ejb/src/main/java/com/ibm/websphere/samples/daytrader/direct/TradeDirect.java",
            "/var/application/src-partition_3/daytrader-ee7-ejb/src/main/java/com/ibm/websphere/samples/daytrader/entities/AccountDataBean.java",
            "/var/application/src-partition_3/daytrader-ee7-ejb/src/main/java/com/ibm/websphere/samples/daytrader/entities/AccountProfileDataBean.java",
            "/var/application/src-partition_3/daytrader-ee7-ejb/src/main/java/com/ibm/websphere/samples/daytrader/entities/HoldingDataBean.java",
            "/var/application/src-partition_3/daytrader-ee7-ejb/src/main/java/com/ibm/websphere/samples/daytrader/entities/OrderDataBean.java",
            "/var/application/src-partition_3/daytrader-ee7-ejb/src/main/java/com/ibm/websphere/samples/daytrader/entities/QuoteDataBean.java",
            "/var/application/src-partition_3/daytrader-ee7-ejb/src/main/java/com/ibm/websphere/samples/daytrader/util/FinancialUtils.java",
            "/var/application/src-partition_3/daytrader-ee7-ejb/src/main/java/com/ibm/websphere/samples/daytrader/util/Log.java",
            "/var/application/src-partition_3/daytrader-ee7-ejb/src/main/java/com/ibm/websphere/samples/daytrader/util/TradeConfig.java"
        ],
        "Service": [
            "/var/application/src-partition_3/daytrader-ee7-ejb/src/main/java/com/ibm/websphere/samples/daytrader/util/MDBStatsService.java",
            "/var/application/src-partition_3/daytrader-ee7-ejb/src/main/java/com/ibm/websphere/samples/daytrader/util/TimerStatService.java",
            "/var/application/src-partition_3/daytrader-ee7-web/src/main/java/com/ibm/websphere/samples/daytrader/web/websocket/ActionMessageService.java"
        ],
        "Real": [
            "/var/application/src-partition_3/daytrader-ee7-ejb/src/main/java/com/ibm/websphere/samples/daytrader/util/MDBStats.java",
            "/var/application/src-partition_3/daytrader-ee7-ejb/src/main/java/com/ibm/websphere/samples/daytrader/util/TimerStat.java",
            "/var/application/src-partition_3/daytrader-ee7-web/src/main/java/com/ibm/websphere/samples/daytrader/web/websocket/ActionDecoder.java",
            "/var/application/src-partition_3/daytrader-ee7-web/src/main/java/com/ibm/websphere/samples/daytrader/web/websocket/ActionMessage.java",
            "/var/application/src-partition_3/daytrader-ee7-web/src/main/java/com/ibm/websphere/samples/daytrader/web/websocket/MarketSummaryWebSocket.java",
            "/var/application/src-partition_3/daytrader-ee7-web/src/main/java/com/ibm/websphere/samples/daytrader/web/websocket/RecentStockChangeList.java"
        ],
        "Dummy": [
            "/var/application/src-partition_3/daytrader-ee7-ejb/src/main/java/com/ibm/websphere/samples/daytrader/direct/KeySequenceDirect.java",
            "/var/application/src-partition_3/daytrader-ee7-ejb/src/main/java/com/ibm/websphere/samples/daytrader/ejb3/DTBroker3MDB.java",
            "/var/application/src-partition_3/daytrader-ee7-ejb/src/main/java/com/ibm/websphere/samples/daytrader/ejb3/DTStreamer3MDB.java",
            "/var/application/src-partition_3/daytrader-ee7-ejb/src/main/java/com/ibm/websphere/samples/daytrader/ejb3/MarketSummarySingleton.java",
            "/var/application/src-partition_3/daytrader-ee7-ejb/src/main/java/com/ibm/websphere/samples/daytrader/ejb3/TradeSLSBBean.java",
            "/var/application/src-partition_3/daytrader-ee7-ejb/src/main/java/com/ibm/websphere/samples/daytrader/util/CompleteOrderThread.java",
            "/var/application/src-partition_3/daytrader-ee7-ejb/src/main/java/com/ibm/websphere/samples/daytrader/util/KeyBlock.java",
            "/var/application/src-partition_3/daytrader-ee7-web/src/main/java/com/ibm/websphere/samples/daytrader/web/OrdersAlertFilter.java",
            "/var/application/src-partition_3/daytrader-ee7-web/src/main/java/com/ibm/websphere/samples/daytrader/web/TestServlet.java",
            "/var/application/src-partition_3/daytrader-ee7-web/src/main/java/com/ibm/websphere/samples/daytrader/web/TradeAppServlet.java",
            "/var/application/src-partition_3/daytrader-ee7-web/src/main/java/com/ibm/websphere/samples/daytrader/web/TradeBuildDB.java",
            "/var/application/src-partition_3/daytrader-ee7-web/src/main/java/com/ibm/websphere/samples/daytrader/web/TradeConfigServlet.java",
            "/var/application/src-partition_3/daytrader-ee7-web/src/main/java/com/ibm/websphere/samples/daytrader/web/TradeScenarioServlet.java",
            "/var/application/src-partition_3/daytrader-ee7-web/src/main/java/com/ibm/websphere/samples/daytrader/web/TradeServletAction.java",
            "/var/application/src-partition_3/daytrader-ee7-web/src/main/java/com/ibm/websphere/samples/daytrader/web/TradeWebContextListener.java",
            "/var/application/src-partition_3/daytrader-ee7-web/src/main/java/com/ibm/websphere/samples/daytrader/web/jsf/AccountDataJSF.java",
            "/var/application/src-partition_3/daytrader-ee7-web/src/main/java/com/ibm/websphere/samples/daytrader/web/jsf/ExternalContextProducer.java",
            "/var/application/src-partition_3/daytrader-ee7-web/src/main/java/com/ibm/websphere/samples/daytrader/web/jsf/HoldingData.java",
            "/var/application/src-partition_3/daytrader-ee7-web/src/main/java/com/ibm/websphere/samples/daytrader/web/jsf/JSFLoginFilter.java",
            "/var/application/src-partition_3/daytrader-ee7-web/src/main/java/com/ibm/websphere/samples/daytrader/web/jsf/LoginValidator.java",
            "/var/application/src-partition_3/daytrader-ee7-web/src/main/java/com/ibm/websphere/samples/daytrader/web/jsf/MarketSummaryJSF.java",
            "/var/application/src-partition_3/daytrader-ee7-web/src/main/java/com/ibm/websphere/samples/daytrader/web/jsf/OrderData.java",
            "/var/application/src-partition_3/daytrader-ee7-web/src/main/java/com/ibm/websphere/samples/daytrader/web/jsf/OrderDataJSF.java",
            "/var/application/src-partition_3/daytrader-ee7-web/src/main/java/com/ibm/websphere/samples/daytrader/web/jsf/PortfolioJSF.java",
            "/var/application/src-partition_3/daytrader-ee7-web/src/main/java/com/ibm/websphere/samples/daytrader/web/jsf/QuoteData.java",
            "/var/application/src-partition_3/daytrader-ee7-web/src/main/java/com/ibm/websphere/samples/daytrader/web/jsf/QuoteJSF.java",
            "/var/application/src-partition_3/daytrader-ee7-web/src/main/java/com/ibm/websphere/samples/daytrader/web/jsf/TradeActionProducer.java",
            "/var/application/src-partition_3/daytrader-ee7-web/src/main/java/com/ibm/websphere/samples/daytrader/web/jsf/TradeAppJSF.java",
            "/var/application/src-partition_3/daytrader-ee7-web/src/main/java/com/ibm/websphere/samples/daytrader/web/jsf/TradeConfigJSF.java",
            "/var/application/src-partition_3/daytrader-ee7-web/src/main/java/com/ibm/websphere/samples/daytrader/web/prims/ExplicitGC.java",
            "/var/application/src-partition_3/daytrader-ee7-web/src/main/java/com/ibm/websphere/samples/daytrader/web/prims/PingBean.java",
            "/var/application/src-partition_3/daytrader-ee7-web/src/main/java/com/ibm/websphere/samples/daytrader/web/prims/PingCDIBean.java",
            "/var/application/src-partition_3/daytrader-ee7-web/src/main/java/com/ibm/websphere/samples/daytrader/web/prims/PingCDIJSFBean.java",
            "/var/application/src-partition_3/daytrader-ee7-web/src/main/java/com/ibm/websphere/samples/daytrader/web/prims/PingEJBLocal.java",
            "/var/application/src-partition_3/daytrader-ee7-web/src/main/java/com/ibm/websphere/samples/daytrader/web/prims/PingEJBLocalDecorator.java",
            "/var/application/src-partition_3/daytrader-ee7-web/src/main/java/com/ibm/websphere/samples/daytrader/web/prims/PingInterceptor.java",
            "/var/application/src-partition_3/daytrader-ee7-web/src/main/java/com/ibm/websphere/samples/daytrader/web/prims/PingJDBCRead.java",
            "/var/application/src-partition_3/daytrader-ee7-web/src/main/java/com/ibm/websphere/samples/daytrader/web/prims/PingJDBCRead2JSP.java",
            "/var/application/src-partition_3/daytrader-ee7-web/src/main/java/com/ibm/websphere/samples/daytrader/web/prims/PingJDBCWrite.java",
            "/var/application/src-partition_3/daytrader-ee7-web/src/main/java/com/ibm/websphere/samples/daytrader/web/prims/PingJSONP.java",
            "/var/application/src-partition_3/daytrader-ee7-web/src/main/java/com/ibm/websphere/samples/daytrader/web/prims/PingManagedExecutor.java",
            "/var/application/src-partition_3/daytrader-ee7-web/src/main/java/com/ibm/websphere/samples/daytrader/web/prims/PingManagedThread.java",
            "/var/application/src-partition_3/daytrader-ee7-web/src/main/java/com/ibm/websphere/samples/daytrader/web/prims/PingReentryServlet.java",
            "/var/application/src-partition_3/daytrader-ee7-web/src/main/java/com/ibm/websphere/samples/daytrader/web/prims/PingServlet.java",
            "/var/application/src-partition_3/daytrader-ee7-web/src/main/java/com/ibm/websphere/samples/daytrader/web/prims/PingServlet2DB.java",
            "/var/application/src-partition_3/daytrader-ee7-web/src/main/java/com/ibm/websphere/samples/daytrader/web/prims/PingServlet2Include.java",
            "/var/application/src-partition_3/daytrader-ee7-web/src/main/java/com/ibm/websphere/samples/daytrader/web/prims/PingServlet2IncludeRcv.java",
            "/var/application/src-partition_3/daytrader-ee7-web/src/main/java/com/ibm/websphere/samples/daytrader/web/prims/PingServlet2JNDI.java",
            "/var/application/src-partition_3/daytrader-ee7-web/src/main/java/com/ibm/websphere/samples/daytrader/web/prims/PingServlet2Jsp.java",
            "/var/application/src-partition_3/daytrader-ee7-web/src/main/java/com/ibm/websphere/samples/daytrader/web/prims/PingServlet2PDF.java",
            "/var/application/src-partition_3/daytrader-ee7-web/src/main/java/com/ibm/websphere/samples/daytrader/web/prims/PingServlet2Servlet.java",
            "/var/application/src-partition_3/daytrader-ee7-web/src/main/java/com/ibm/websphere/samples/daytrader/web/prims/PingServlet2ServletRcv.java",
            "/var/application/src-partition_3/daytrader-ee7-web/src/main/java/com/ibm/websphere/samples/daytrader/web/prims/PingServlet30Async.java",
            "/var/application/src-partition_3/daytrader-ee7-web/src/main/java/com/ibm/websphere/samples/daytrader/web/prims/PingServlet31Async.java",
            "/var/application/src-partition_3/daytrader-ee7-web/src/main/java/com/ibm/websphere/samples/daytrader/web/prims/PingServlet31AsyncRead.java",
            "/var/application/src-partition_3/daytrader-ee7-web/src/main/java/com/ibm/websphere/samples/daytrader/web/prims/PingServletCDI.java",
            "/var/application/src-partition_3/daytrader-ee7-web/src/main/java/com/ibm/websphere/samples/daytrader/web/prims/PingServletCDIBeanManagerViaCDICurrent.java",
            "/var/application/src-partition_3/daytrader-ee7-web/src/main/java/com/ibm/websphere/samples/daytrader/web/prims/PingServletCDIBeanManagerViaJNDI.java",
            "/var/application/src-partition_3/daytrader-ee7-web/src/main/java/com/ibm/websphere/samples/daytrader/web/prims/PingServletLargeContentLength.java",
            "/var/application/src-partition_3/daytrader-ee7-web/src/main/java/com/ibm/websphere/samples/daytrader/web/prims/PingServletSetContentLength.java",
            "/var/application/src-partition_3/daytrader-ee7-web/src/main/java/com/ibm/websphere/samples/daytrader/web/prims/PingServletWriter.java",
            "/var/application/src-partition_3/daytrader-ee7-web/src/main/java/com/ibm/websphere/samples/daytrader/web/prims/PingSession1.java",
            "/var/application/src-partition_3/daytrader-ee7-web/src/main/java/com/ibm/websphere/samples/daytrader/web/prims/PingSession2.java",
            "/var/application/src-partition_3/daytrader-ee7-web/src/main/java/com/ibm/websphere/samples/daytrader/web/prims/PingSession3.java",
            "/var/application/src-partition_3/daytrader-ee7-web/src/main/java/com/ibm/websphere/samples/daytrader/web/prims/PingSession3Object.java",
            "/var/application/src-partition_3/daytrader-ee7-web/src/main/java/com/ibm/websphere/samples/daytrader/web/prims/PingUpgradeServlet.java",
            "/var/application/src-partition_3/daytrader-ee7-web/src/main/java/com/ibm/websphere/samples/daytrader/web/prims/PingWebSocketBinary.java",
            "/var/application/src-partition_3/daytrader-ee7-web/src/main/java/com/ibm/websphere/samples/daytrader/web/prims/PingWebSocketJson.java",
            "/var/application/src-partition_3/daytrader-ee7-web/src/main/java/com/ibm/websphere/samples/daytrader/web/prims/PingWebSocketTextAsync.java",
            "/var/application/src-partition_3/daytrader-ee7-web/src/main/java/com/ibm/websphere/samples/daytrader/web/prims/PingWebSocketTextSync.java",
            "/var/application/src-partition_3/daytrader-ee7-web/src/main/java/com/ibm/websphere/samples/daytrader/web/prims/ejb3/PingServlet2Entity.java",
            "/var/application/src-partition_3/daytrader-ee7-web/src/main/java/com/ibm/websphere/samples/daytrader/web/prims/ejb3/PingServlet2MDBQueue.java",
            "/var/application/src-partition_3/daytrader-ee7-web/src/main/java/com/ibm/websphere/samples/daytrader/web/prims/ejb3/PingServlet2MDBTopic.java",
            "/var/application/src-partition_3/daytrader-ee7-web/src/main/java/com/ibm/websphere/samples/daytrader/web/prims/ejb3/PingServlet2Session2CMROne2Many.java",
            "/var/application/src-partition_3/daytrader-ee7-web/src/main/java/com/ibm/websphere/samples/daytrader/web/prims/ejb3/PingServlet2Session2CMROne2One.java",
            "/var/application/src-partition_3/daytrader-ee7-web/src/main/java/com/ibm/websphere/samples/daytrader/web/prims/ejb3/PingServlet2Session2Entity.java",
            "/var/application/src-partition_3/daytrader-ee7-web/src/main/java/com/ibm/websphere/samples/daytrader/web/prims/ejb3/PingServlet2Session2Entity2JSP.java",
            "/var/application/src-partition_3/daytrader-ee7-web/src/main/java/com/ibm/websphere/samples/daytrader/web/prims/ejb3/PingServlet2Session2EntityCollection.java",
            "/var/application/src-partition_3/daytrader-ee7-web/src/main/java/com/ibm/websphere/samples/daytrader/web/prims/ejb3/PingServlet2SessionLocal.java",
            "/var/application/src-partition_3/daytrader-ee7-web/src/main/java/com/ibm/websphere/samples/daytrader/web/prims/ejb3/PingServlet2SessionRemote.java",
            "/var/application/src-partition_3/daytrader-ee7-web/src/main/java/com/ibm/websphere/samples/daytrader/web/prims/ejb3/PingServlet2TwoPhase.java",
            "/var/application/src-partition_3/daytrader-ee7-web/src/main/java/com/ibm/websphere/samples/daytrader/web/websocket/JsonDecoder.java",
            "/var/application/src-partition_3/daytrader-ee7-web/src/main/java/com/ibm/websphere/samples/daytrader/web/websocket/JsonEncoder.java",
            "/var/application/src-partition_3/daytrader-ee7-web/src/main/java/com/ibm/websphere/samples/daytrader/web/websocket/JsonMessage.java"
        ],
        "Util": [
            "/var/application/src-partition_3/application/src/com/ibm/cardinal/config/JAXRSConfiguration.java",
            "/var/application/src-partition_3/application/src/com/ibm/cardinal/util/CardinalException.java",
            "/var/application/src-partition_3/application/src/com/ibm/cardinal/util/CardinalLogger.java",
            "/var/application/src-partition_3/application/src/com/ibm/cardinal/util/CardinalString.java",
            "/var/application/src-partition_3/application/src/com/ibm/cardinal/util/ClusterObjectManager.java",
            "/var/application/src-partition_3/application/src/com/ibm/cardinal/util/KluInterface.java",
            "/var/application/src-partition_3/application/src/com/ibm/cardinal/util/SerializationUtil.java"
        ],
        "Extern": []
    },
    "partition_1": {
        "Dir": "/var/application/src-partition_1",
        "Proxy": [
            "/var/application/src-partition_1/daytrader-ee7-ejb/src/main/java/com/ibm/websphere/samples/daytrader/beans/RunStatsDataBean.java",
            "/var/application/src-partition_1/daytrader-ee7-ejb/src/main/java/com/ibm/websphere/samples/daytrader/direct/TradeDirect.java",
            "/var/application/src-partition_1/daytrader-ee7-ejb/src/main/java/com/ibm/websphere/samples/daytrader/util/MDBStats.java",
            "/var/application/src-partition_1/daytrader-ee7-ejb/src/main/java/com/ibm/websphere/samples/daytrader/util/TimerStat.java",
            "/var/application/src-partition_1/daytrader-ee7-web/src/main/java/com/ibm/websphere/samples/daytrader/web/websocket/ActionMessage.java"
        ],
        "Service": [
            "/var/application/src-partition_1/daytrader-ee7-ejb/src/main/java/com/ibm/websphere/samples/daytrader/TradeActionService.java",
            "/var/application/src-partition_1/daytrader-ee7-ejb/src/main/java/com/ibm/websphere/samples/daytrader/beans/MarketSummaryDataBeanService.java",
            "/var/application/src-partition_1/daytrader-ee7-ejb/src/main/java/com/ibm/websphere/samples/daytrader/entities/AccountDataBeanService.java",
            "/var/application/src-partition_1/daytrader-ee7-ejb/src/main/java/com/ibm/websphere/samples/daytrader/entities/AccountProfileDataBeanService.java",
            "/var/application/src-partition_1/daytrader-ee7-ejb/src/main/java/com/ibm/websphere/samples/daytrader/entities/HoldingDataBeanService.java",
            "/var/application/src-partition_1/daytrader-ee7-ejb/src/main/java/com/ibm/websphere/samples/daytrader/entities/OrderDataBeanService.java",
            "/var/application/src-partition_1/daytrader-ee7-ejb/src/main/java/com/ibm/websphere/samples/daytrader/entities/QuoteDataBeanService.java",
            "/var/application/src-partition_1/daytrader-ee7-ejb/src/main/java/com/ibm/websphere/samples/daytrader/util/FinancialUtilsService.java",
            "/var/application/src-partition_1/daytrader-ee7-ejb/src/main/java/com/ibm/websphere/samples/daytrader/util/LogService.java",
            "/var/application/src-partition_1/daytrader-ee7-ejb/src/main/java/com/ibm/websphere/samples/daytrader/util/TradeConfigService.java"
        ],
        "Real": [
            "/var/application/src-partition_1/daytrader-ee7-ejb/src/main/java/com/ibm/websphere/samples/daytrader/TradeAction.java",
            "/var/application/src-partition_1/daytrader-ee7-ejb/src/main/java/com/ibm/websphere/samples/daytrader/beans/MarketSummaryDataBean.java",
            "/var/application/src-partition_1/daytrader-ee7-ejb/src/main/java/com/ibm/websphere/samples/daytrader/ejb3/DTBroker3MDB.java",
            "/var/application/src-partition_1/daytrader-ee7-ejb/src/main/java/com/ibm/websphere/samples/daytrader/ejb3/DTStreamer3MDB.java",
            "/var/application/src-partition_1/daytrader-ee7-ejb/src/main/java/com/ibm/websphere/samples/daytrader/ejb3/MarketSummarySingleton.java",
            "/var/application/src-partition_1/daytrader-ee7-ejb/src/main/java/com/ibm/websphere/samples/daytrader/ejb3/TradeSLSBBean.java",
            "/var/application/src-partition_1/daytrader-ee7-ejb/src/main/java/com/ibm/websphere/samples/daytrader/entities/AccountDataBean.java",
            "/var/application/src-partition_1/daytrader-ee7-ejb/src/main/java/com/ibm/websphere/samples/daytrader/entities/AccountProfileDataBean.java",
            "/var/application/src-partition_1/daytrader-ee7-ejb/src/main/java/com/ibm/websphere/samples/daytrader/entities/HoldingDataBean.java",
            "/var/application/src-partition_1/daytrader-ee7-ejb/src/main/java/com/ibm/websphere/samples/daytrader/entities/OrderDataBean.java",
            "/var/application/src-partition_1/daytrader-ee7-ejb/src/main/java/com/ibm/websphere/samples/daytrader/entities/QuoteDataBean.java",
            "/var/application/src-partition_1/daytrader-ee7-ejb/src/main/java/com/ibm/websphere/samples/daytrader/util/FinancialUtils.java",
            "/var/application/src-partition_1/daytrader-ee7-ejb/src/main/java/com/ibm/websphere/samples/daytrader/util/Log.java",
            "/var/application/src-partition_1/daytrader-ee7-ejb/src/main/java/com/ibm/websphere/samples/daytrader/util/TradeConfig.java"
        ],
        "Dummy": [
            "/var/application/src-partition_1/daytrader-ee7-ejb/src/main/java/com/ibm/websphere/samples/daytrader/direct/KeySequenceDirect.java",
            "/var/application/src-partition_1/daytrader-ee7-ejb/src/main/java/com/ibm/websphere/samples/daytrader/ejb3/TradeSLSBBean.java",
            "/var/application/src-partition_1/daytrader-ee7-ejb/src/main/java/com/ibm/websphere/samples/daytrader/util/CompleteOrderThread.java",
            "/var/application/src-partition_1/daytrader-ee7-ejb/src/main/java/com/ibm/websphere/samples/daytrader/util/KeyBlock.java",
            "/var/application/src-partition_1/daytrader-ee7-web/src/main/java/com/ibm/websphere/samples/daytrader/web/OrdersAlertFilter.java",
            "/var/application/src-partition_1/daytrader-ee7-web/src/main/java/com/ibm/websphere/samples/daytrader/web/TestServlet.java",
            "/var/application/src-partition_1/daytrader-ee7-web/src/main/java/com/ibm/websphere/samples/daytrader/web/TradeAppServlet.java",
            "/var/application/src-partition_1/daytrader-ee7-web/src/main/java/com/ibm/websphere/samples/daytrader/web/TradeBuildDB.java",
            "/var/application/src-partition_1/daytrader-ee7-web/src/main/java/com/ibm/websphere/samples/daytrader/web/TradeConfigServlet.java",
            "/var/application/src-partition_1/daytrader-ee7-web/src/main/java/com/ibm/websphere/samples/daytrader/web/TradeScenarioServlet.java",
            "/var/application/src-partition_1/daytrader-ee7-web/src/main/java/com/ibm/websphere/samples/daytrader/web/TradeServletAction.java",
            "/var/application/src-partition_1/daytrader-ee7-web/src/main/java/com/ibm/websphere/samples/daytrader/web/TradeWebContextListener.java",
            "/var/application/src-partition_1/daytrader-ee7-web/src/main/java/com/ibm/websphere/samples/daytrader/web/jsf/AccountDataJSF.java",
            "/var/application/src-partition_1/daytrader-ee7-web/src/main/java/com/ibm/websphere/samples/daytrader/web/jsf/ExternalContextProducer.java",
            "/var/application/src-partition_1/daytrader-ee7-web/src/main/java/com/ibm/websphere/samples/daytrader/web/jsf/HoldingData.java",
            "/var/application/src-partition_1/daytrader-ee7-web/src/main/java/com/ibm/websphere/samples/daytrader/web/jsf/JSFLoginFilter.java",
            "/var/application/src-partition_1/daytrader-ee7-web/src/main/java/com/ibm/websphere/samples/daytrader/web/jsf/LoginValidator.java",
            "/var/application/src-partition_1/daytrader-ee7-web/src/main/java/com/ibm/websphere/samples/daytrader/web/jsf/MarketSummaryJSF.java",
            "/var/application/src-partition_1/daytrader-ee7-web/src/main/java/com/ibm/websphere/samples/daytrader/web/jsf/OrderData.java",
            "/var/application/src-partition_1/daytrader-ee7-web/src/main/java/com/ibm/websphere/samples/daytrader/web/jsf/OrderDataJSF.java",
            "/var/application/src-partition_1/daytrader-ee7-web/src/main/java/com/ibm/websphere/samples/daytrader/web/jsf/PortfolioJSF.java",
            "/var/application/src-partition_1/daytrader-ee7-web/src/main/java/com/ibm/websphere/samples/daytrader/web/jsf/QuoteData.java",
            "/var/application/src-partition_1/daytrader-ee7-web/src/main/java/com/ibm/websphere/samples/daytrader/web/jsf/QuoteJSF.java",
            "/var/application/src-partition_1/daytrader-ee7-web/src/main/java/com/ibm/websphere/samples/daytrader/web/jsf/TradeActionProducer.java",
            "/var/application/src-partition_1/daytrader-ee7-web/src/main/java/com/ibm/websphere/samples/daytrader/web/jsf/TradeAppJSF.java",
            "/var/application/src-partition_1/daytrader-ee7-web/src/main/java/com/ibm/websphere/samples/daytrader/web/jsf/TradeConfigJSF.java",
            "/var/application/src-partition_1/daytrader-ee7-web/src/main/java/com/ibm/websphere/samples/daytrader/web/prims/ExplicitGC.java",
            "/var/application/src-partition_1/daytrader-ee7-web/src/main/java/com/ibm/websphere/samples/daytrader/web/prims/PingBean.java",
            "/var/application/src-partition_1/daytrader-ee7-web/src/main/java/com/ibm/websphere/samples/daytrader/web/prims/PingCDIBean.java",
            "/var/application/src-partition_1/daytrader-ee7-web/src/main/java/com/ibm/websphere/samples/daytrader/web/prims/PingCDIJSFBean.java",
            "/var/application/src-partition_1/daytrader-ee7-web/src/main/java/com/ibm/websphere/samples/daytrader/web/prims/PingEJBLocal.java",
            "/var/application/src-partition_1/daytrader-ee7-web/src/main/java/com/ibm/websphere/samples/daytrader/web/prims/PingEJBLocalDecorator.java",
            "/var/application/src-partition_1/daytrader-ee7-web/src/main/java/com/ibm/websphere/samples/daytrader/web/prims/PingInterceptor.java",
            "/var/application/src-partition_1/daytrader-ee7-web/src/main/java/com/ibm/websphere/samples/daytrader/web/prims/PingJDBCRead.java",
            "/var/application/src-partition_1/daytrader-ee7-web/src/main/java/com/ibm/websphere/samples/daytrader/web/prims/PingJDBCRead2JSP.java",
            "/var/application/src-partition_1/daytrader-ee7-web/src/main/java/com/ibm/websphere/samples/daytrader/web/prims/PingJDBCWrite.java",
            "/var/application/src-partition_1/daytrader-ee7-web/src/main/java/com/ibm/websphere/samples/daytrader/web/prims/PingJSONP.java",
            "/var/application/src-partition_1/daytrader-ee7-web/src/main/java/com/ibm/websphere/samples/daytrader/web/prims/PingManagedExecutor.java",
            "/var/application/src-partition_1/daytrader-ee7-web/src/main/java/com/ibm/websphere/samples/daytrader/web/prims/PingManagedThread.java",
            "/var/application/src-partition_1/daytrader-ee7-web/src/main/java/com/ibm/websphere/samples/daytrader/web/prims/PingReentryServlet.java",
            "/var/application/src-partition_1/daytrader-ee7-web/src/main/java/com/ibm/websphere/samples/daytrader/web/prims/PingServlet.java",
            "/var/application/src-partition_1/daytrader-ee7-web/src/main/java/com/ibm/websphere/samples/daytrader/web/prims/PingServlet2DB.java",
            "/var/application/src-partition_1/daytrader-ee7-web/src/main/java/com/ibm/websphere/samples/daytrader/web/prims/PingServlet2Include.java",
            "/var/application/src-partition_1/daytrader-ee7-web/src/main/java/com/ibm/websphere/samples/daytrader/web/prims/PingServlet2IncludeRcv.java",
            "/var/application/src-partition_1/daytrader-ee7-web/src/main/java/com/ibm/websphere/samples/daytrader/web/prims/PingServlet2JNDI.java",
            "/var/application/src-partition_1/daytrader-ee7-web/src/main/java/com/ibm/websphere/samples/daytrader/web/prims/PingServlet2Jsp.java",
            "/var/application/src-partition_1/daytrader-ee7-web/src/main/java/com/ibm/websphere/samples/daytrader/web/prims/PingServlet2PDF.java",
            "/var/application/src-partition_1/daytrader-ee7-web/src/main/java/com/ibm/websphere/samples/daytrader/web/prims/PingServlet2Servlet.java",
            "/var/application/src-partition_1/daytrader-ee7-web/src/main/java/com/ibm/websphere/samples/daytrader/web/prims/PingServlet2ServletRcv.java",
            "/var/application/src-partition_1/daytrader-ee7-web/src/main/java/com/ibm/websphere/samples/daytrader/web/prims/PingServlet30Async.java",
            "/var/application/src-partition_1/daytrader-ee7-web/src/main/java/com/ibm/websphere/samples/daytrader/web/prims/PingServlet31Async.java",
            "/var/application/src-partition_1/daytrader-ee7-web/src/main/java/com/ibm/websphere/samples/daytrader/web/prims/PingServlet31AsyncRead.java",
            "/var/application/src-partition_1/daytrader-ee7-web/src/main/java/com/ibm/websphere/samples/daytrader/web/prims/PingServletCDI.java",
            "/var/application/src-partition_1/daytrader-ee7-web/src/main/java/com/ibm/websphere/samples/daytrader/web/prims/PingServletCDIBeanManagerViaCDICurrent.java",
            "/var/application/src-partition_1/daytrader-ee7-web/src/main/java/com/ibm/websphere/samples/daytrader/web/prims/PingServletCDIBeanManagerViaJNDI.java",
            "/var/application/src-partition_1/daytrader-ee7-web/src/main/java/com/ibm/websphere/samples/daytrader/web/prims/PingServletLargeContentLength.java",
            "/var/application/src-partition_1/daytrader-ee7-web/src/main/java/com/ibm/websphere/samples/daytrader/web/prims/PingServletSetContentLength.java",
            "/var/application/src-partition_1/daytrader-ee7-web/src/main/java/com/ibm/websphere/samples/daytrader/web/prims/PingServletWriter.java",
            "/var/application/src-partition_1/daytrader-ee7-web/src/main/java/com/ibm/websphere/samples/daytrader/web/prims/PingSession1.java",
            "/var/application/src-partition_1/daytrader-ee7-web/src/main/java/com/ibm/websphere/samples/daytrader/web/prims/PingSession2.java",
            "/var/application/src-partition_1/daytrader-ee7-web/src/main/java/com/ibm/websphere/samples/daytrader/web/prims/PingSession3.java",
            "/var/application/src-partition_1/daytrader-ee7-web/src/main/java/com/ibm/websphere/samples/daytrader/web/prims/PingSession3Object.java",
            "/var/application/src-partition_1/daytrader-ee7-web/src/main/java/com/ibm/websphere/samples/daytrader/web/prims/PingUpgradeServlet.java",
            "/var/application/src-partition_1/daytrader-ee7-web/src/main/java/com/ibm/websphere/samples/daytrader/web/prims/PingWebSocketBinary.java",
            "/var/application/src-partition_1/daytrader-ee7-web/src/main/java/com/ibm/websphere/samples/daytrader/web/prims/PingWebSocketJson.java",
            "/var/application/src-partition_1/daytrader-ee7-web/src/main/java/com/ibm/websphere/samples/daytrader/web/prims/PingWebSocketTextAsync.java",
            "/var/application/src-partition_1/daytrader-ee7-web/src/main/java/com/ibm/websphere/samples/daytrader/web/prims/PingWebSocketTextSync.java",
            "/var/application/src-partition_1/daytrader-ee7-web/src/main/java/com/ibm/websphere/samples/daytrader/web/prims/ejb3/PingServlet2Entity.java",
            "/var/application/src-partition_1/daytrader-ee7-web/src/main/java/com/ibm/websphere/samples/daytrader/web/prims/ejb3/PingServlet2MDBQueue.java",
            "/var/application/src-partition_1/daytrader-ee7-web/src/main/java/com/ibm/websphere/samples/daytrader/web/prims/ejb3/PingServlet2MDBTopic.java",
            "/var/application/src-partition_1/daytrader-ee7-web/src/main/java/com/ibm/websphere/samples/daytrader/web/prims/ejb3/PingServlet2Session2CMROne2Many.java",
            "/var/application/src-partition_1/daytrader-ee7-web/src/main/java/com/ibm/websphere/samples/daytrader/web/prims/ejb3/PingServlet2Session2CMROne2One.java",
            "/var/application/src-partition_1/daytrader-ee7-web/src/main/java/com/ibm/websphere/samples/daytrader/web/prims/ejb3/PingServlet2Session2Entity.java",
            "/var/application/src-partition_1/daytrader-ee7-web/src/main/java/com/ibm/websphere/samples/daytrader/web/prims/ejb3/PingServlet2Session2Entity2JSP.java",
            "/var/application/src-partition_1/daytrader-ee7-web/src/main/java/com/ibm/websphere/samples/daytrader/web/prims/ejb3/PingServlet2Session2EntityCollection.java",
            "/var/application/src-partition_1/daytrader-ee7-web/src/main/java/com/ibm/websphere/samples/daytrader/web/prims/ejb3/PingServlet2SessionLocal.java",
            "/var/application/src-partition_1/daytrader-ee7-web/src/main/java/com/ibm/websphere/samples/daytrader/web/prims/ejb3/PingServlet2SessionRemote.java",
            "/var/application/src-partition_1/daytrader-ee7-web/src/main/java/com/ibm/websphere/samples/daytrader/web/prims/ejb3/PingServlet2TwoPhase.java",
            "/var/application/src-partition_1/daytrader-ee7-web/src/main/java/com/ibm/websphere/samples/daytrader/web/websocket/ActionDecoder.java",
            "/var/application/src-partition_1/daytrader-ee7-web/src/main/java/com/ibm/websphere/samples/daytrader/web/websocket/JsonDecoder.java",
            "/var/application/src-partition_1/daytrader-ee7-web/src/main/java/com/ibm/websphere/samples/daytrader/web/websocket/JsonEncoder.java",
            "/var/application/src-partition_1/daytrader-ee7-web/src/main/java/com/ibm/websphere/samples/daytrader/web/websocket/JsonMessage.java",
            "/var/application/src-partition_1/daytrader-ee7-web/src/main/java/com/ibm/websphere/samples/daytrader/web/websocket/RecentStockChangeList.java"
        ],
        "Util": [
            "/var/application/src-partition_1/application/src/com/ibm/cardinal/config/JAXRSConfiguration.java",
            "/var/application/src-partition_1/application/src/com/ibm/cardinal/util/CardinalException.java",
            "/var/application/src-partition_1/application/src/com/ibm/cardinal/util/CardinalLogger.java",
            "/var/application/src-partition_1/application/src/com/ibm/cardinal/util/CardinalString.java",
            "/var/application/src-partition_1/application/src/com/ibm/cardinal/util/ClusterObjectManager.java",
            "/var/application/src-partition_1/application/src/com/ibm/cardinal/util/KluInterface.java",
            "/var/application/src-partition_1/application/src/com/ibm/cardinal/util/SerializationUtil.java"
        ],
        "Extern": []
    },
    "web": {
        "Dir": "/var/application/src-web",
        "Proxy": [
            "/var/application/src-web/daytrader-ee7-ejb/src/main/java/com/ibm/websphere/samples/daytrader/TradeAction.java",
            "/var/application/src-web/daytrader-ee7-ejb/src/main/java/com/ibm/websphere/samples/daytrader/beans/MarketSummaryDataBean.java",
            "/var/application/src-web/daytrader-ee7-ejb/src/main/java/com/ibm/websphere/samples/daytrader/beans/RunStatsDataBean.java",
            "/var/application/src-web/daytrader-ee7-ejb/src/main/java/com/ibm/websphere/samples/daytrader/direct/TradeDirect.java",
            "/var/application/src-web/daytrader-ee7-ejb/src/main/java/com/ibm/websphere/samples/daytrader/entities/AccountDataBean.java",
            "/var/application/src-web/daytrader-ee7-ejb/src/main/java/com/ibm/websphere/samples/daytrader/entities/AccountProfileDataBean.java",
            "/var/application/src-web/daytrader-ee7-ejb/src/main/java/com/ibm/websphere/samples/daytrader/entities/HoldingDataBean.java",
            "/var/application/src-web/daytrader-ee7-ejb/src/main/java/com/ibm/websphere/samples/daytrader/entities/OrderDataBean.java",
            "/var/application/src-web/daytrader-ee7-ejb/src/main/java/com/ibm/websphere/samples/daytrader/entities/QuoteDataBean.java",
            "/var/application/src-web/daytrader-ee7-ejb/src/main/java/com/ibm/websphere/samples/daytrader/util/FinancialUtils.java",
            "/var/application/src-web/daytrader-ee7-ejb/src/main/java/com/ibm/websphere/samples/daytrader/util/Log.java",
            "/var/application/src-web/daytrader-ee7-ejb/src/main/java/com/ibm/websphere/samples/daytrader/util/MDBStats.java",
            "/var/application/src-web/daytrader-ee7-ejb/src/main/java/com/ibm/websphere/samples/daytrader/util/TimerStat.java",
            "/var/application/src-web/daytrader-ee7-ejb/src/main/java/com/ibm/websphere/samples/daytrader/util/TradeConfig.java",
            "/var/application/src-web/daytrader-ee7-web/src/main/java/com/ibm/websphere/samples/daytrader/web/websocket/ActionMessage.java"
        ],
        "Service": [],
        "Real": [
            "/var/application/src-web/daytrader-ee7-web/src/main/java/com/ibm/websphere/samples/daytrader/web/OrdersAlertFilter.java",
            "/var/application/src-web/daytrader-ee7-web/src/main/java/com/ibm/websphere/samples/daytrader/web/TestServlet.java",
            "/var/application/src-web/daytrader-ee7-web/src/main/java/com/ibm/websphere/samples/daytrader/web/TradeAppServlet.java",
            "/var/application/src-web/daytrader-ee7-web/src/main/java/com/ibm/websphere/samples/daytrader/web/TradeBuildDB.java",
            "/var/application/src-web/daytrader-ee7-web/src/main/java/com/ibm/websphere/samples/daytrader/web/TradeConfigServlet.java",
            "/var/application/src-web/daytrader-ee7-web/src/main/java/com/ibm/websphere/samples/daytrader/web/TradeServletAction.java",
            "/var/application/src-web/daytrader-ee7-web/src/main/java/com/ibm/websphere/samples/daytrader/web/TradeWebContextListener.java",
            "/var/application/src-web/daytrader-ee7-web/src/main/java/com/ibm/websphere/samples/daytrader/web/prims/ExplicitGC.java",
            "/var/application/src-web/daytrader-ee7-web/src/main/java/com/ibm/websphere/samples/daytrader/web/prims/PingBean.java",
            "/var/application/src-web/daytrader-ee7-web/src/main/java/com/ibm/websphere/samples/daytrader/web/prims/PingCDIBean.java",
            "/var/application/src-web/daytrader-ee7-web/src/main/java/com/ibm/websphere/samples/daytrader/web/prims/PingEJBLocal.java",
            "/var/application/src-web/daytrader-ee7-web/src/main/java/com/ibm/websphere/samples/daytrader/web/prims/PingEJBLocalDecorator.java",
            "/var/application/src-web/daytrader-ee7-web/src/main/java/com/ibm/websphere/samples/daytrader/web/prims/PingInterceptor.java",
            "/var/application/src-web/daytrader-ee7-web/src/main/java/com/ibm/websphere/samples/daytrader/web/prims/PingServlet.java",
            "/var/application/src-web/daytrader-ee7-web/src/main/java/com/ibm/websphere/samples/daytrader/web/prims/PingServlet2Servlet.java",
            "/var/application/src-web/daytrader-ee7-web/src/main/java/com/ibm/websphere/samples/daytrader/web/prims/PingServlet2ServletRcv.java",
            "/var/application/src-web/daytrader-ee7-web/src/main/java/com/ibm/websphere/samples/daytrader/web/prims/PingServletCDI.java",
            "/var/application/src-web/daytrader-ee7-web/src/main/java/com/ibm/websphere/samples/daytrader/web/prims/PingServletCDIBeanManagerViaJNDI.java",
            "/var/application/src-web/daytrader-ee7-web/src/main/java/com/ibm/websphere/samples/daytrader/web/prims/PingServletWriter.java"
        ],
        "Dummy": [
            "/var/application/src-web/daytrader-ee7-ejb/src/main/java/com/ibm/websphere/samples/daytrader/direct/KeySequenceDirect.java",
            "/var/application/src-web/daytrader-ee7-ejb/src/main/java/com/ibm/websphere/samples/daytrader/ejb3/DTBroker3MDB.java",
            "/var/application/src-web/daytrader-ee7-ejb/src/main/java/com/ibm/websphere/samples/daytrader/ejb3/DTStreamer3MDB.java",
            "/var/application/src-web/daytrader-ee7-ejb/src/main/java/com/ibm/websphere/samples/daytrader/ejb3/MarketSummarySingleton.java",
            "/var/application/src-web/daytrader-ee7-ejb/src/main/java/com/ibm/websphere/samples/daytrader/ejb3/TradeSLSBBean.java",
            "/var/application/src-web/daytrader-ee7-ejb/src/main/java/com/ibm/websphere/samples/daytrader/util/CompleteOrderThread.java",
            "/var/application/src-web/daytrader-ee7-ejb/src/main/java/com/ibm/websphere/samples/daytrader/util/KeyBlock.java",
            "/var/application/src-web/daytrader-ee7-web/src/main/java/com/ibm/websphere/samples/daytrader/web/TradeScenarioServlet.java",
            "/var/application/src-web/daytrader-ee7-web/src/main/java/com/ibm/websphere/samples/daytrader/web/jsf/AccountDataJSF.java",
            "/var/application/src-web/daytrader-ee7-web/src/main/java/com/ibm/websphere/samples/daytrader/web/jsf/ExternalContextProducer.java",
            "/var/application/src-web/daytrader-ee7-web/src/main/java/com/ibm/websphere/samples/daytrader/web/jsf/HoldingData.java",
            "/var/application/src-web/daytrader-ee7-web/src/main/java/com/ibm/websphere/samples/daytrader/web/jsf/JSFLoginFilter.java",
            "/var/application/src-web/daytrader-ee7-web/src/main/java/com/ibm/websphere/samples/daytrader/web/jsf/LoginValidator.java",
            "/var/application/src-web/daytrader-ee7-web/src/main/java/com/ibm/websphere/samples/daytrader/web/jsf/MarketSummaryJSF.java",
            "/var/application/src-web/daytrader-ee7-web/src/main/java/com/ibm/websphere/samples/daytrader/web/jsf/OrderData.java",
            "/var/application/src-web/daytrader-ee7-web/src/main/java/com/ibm/websphere/samples/daytrader/web/jsf/OrderDataJSF.java",
            "/var/application/src-web/daytrader-ee7-web/src/main/java/com/ibm/websphere/samples/daytrader/web/jsf/PortfolioJSF.java",
            "/var/application/src-web/daytrader-ee7-web/src/main/java/com/ibm/websphere/samples/daytrader/web/jsf/QuoteData.java",
            "/var/application/src-web/daytrader-ee7-web/src/main/java/com/ibm/websphere/samples/daytrader/web/jsf/QuoteJSF.java",
            "/var/application/src-web/daytrader-ee7-web/src/main/java/com/ibm/websphere/samples/daytrader/web/jsf/TradeActionProducer.java",
            "/var/application/src-web/daytrader-ee7-web/src/main/java/com/ibm/websphere/samples/daytrader/web/jsf/TradeAppJSF.java",
            "/var/application/src-web/daytrader-ee7-web/src/main/java/com/ibm/websphere/samples/daytrader/web/jsf/TradeConfigJSF.java",
            "/var/application/src-web/daytrader-ee7-web/src/main/java/com/ibm/websphere/samples/daytrader/web/prims/PingCDIJSFBean.java",
            "/var/application/src-web/daytrader-ee7-web/src/main/java/com/ibm/websphere/samples/daytrader/web/prims/PingJDBCRead.java",
            "/var/application/src-web/daytrader-ee7-web/src/main/java/com/ibm/websphere/samples/daytrader/web/prims/PingJDBCRead2JSP.java",
            "/var/application/src-web/daytrader-ee7-web/src/main/java/com/ibm/websphere/samples/daytrader/web/prims/PingJDBCWrite.java",
            "/var/application/src-web/daytrader-ee7-web/src/main/java/com/ibm/websphere/samples/daytrader/web/prims/PingJSONP.java",
            "/var/application/src-web/daytrader-ee7-web/src/main/java/com/ibm/websphere/samples/daytrader/web/prims/PingManagedExecutor.java",
            "/var/application/src-web/daytrader-ee7-web/src/main/java/com/ibm/websphere/samples/daytrader/web/prims/PingManagedThread.java",
            "/var/application/src-web/daytrader-ee7-web/src/main/java/com/ibm/websphere/samples/daytrader/web/prims/PingReentryServlet.java",
            "/var/application/src-web/daytrader-ee7-web/src/main/java/com/ibm/websphere/samples/daytrader/web/prims/PingServlet2DB.java",
            "/var/application/src-web/daytrader-ee7-web/src/main/java/com/ibm/websphere/samples/daytrader/web/prims/PingServlet2Include.java",
            "/var/application/src-web/daytrader-ee7-web/src/main/java/com/ibm/websphere/samples/daytrader/web/prims/PingServlet2IncludeRcv.java",
            "/var/application/src-web/daytrader-ee7-web/src/main/java/com/ibm/websphere/samples/daytrader/web/prims/PingServlet2JNDI.java",
            "/var/application/src-web/daytrader-ee7-web/src/main/java/com/ibm/websphere/samples/daytrader/web/prims/PingServlet2Jsp.java",
            "/var/application/src-web/daytrader-ee7-web/src/main/java/com/ibm/websphere/samples/daytrader/web/prims/PingServlet2PDF.java",
            "/var/application/src-web/daytrader-ee7-web/src/main/java/com/ibm/websphere/samples/daytrader/web/prims/PingServlet30Async.java",
            "/var/application/src-web/daytrader-ee7-web/src/main/java/com/ibm/websphere/samples/daytrader/web/prims/PingServlet31Async.java",
            "/var/application/src-web/daytrader-ee7-web/src/main/java/com/ibm/websphere/samples/daytrader/web/prims/PingServlet31AsyncRead.java",
            "/var/application/src-web/daytrader-ee7-web/src/main/java/com/ibm/websphere/samples/daytrader/web/prims/PingServletCDIBeanManagerViaCDICurrent.java",
            "/var/application/src-web/daytrader-ee7-web/src/main/java/com/ibm/websphere/samples/daytrader/web/prims/PingServletLargeContentLength.java",
            "/var/application/src-web/daytrader-ee7-web/src/main/java/com/ibm/websphere/samples/daytrader/web/prims/PingServletSetContentLength.java",
            "/var/application/src-web/daytrader-ee7-web/src/main/java/com/ibm/websphere/samples/daytrader/web/prims/PingSession1.java",
            "/var/application/src-web/daytrader-ee7-web/src/main/java/com/ibm/websphere/samples/daytrader/web/prims/PingSession2.java",
            "/var/application/src-web/daytrader-ee7-web/src/main/java/com/ibm/websphere/samples/daytrader/web/prims/PingSession3.java",
            "/var/application/src-web/daytrader-ee7-web/src/main/java/com/ibm/websphere/samples/daytrader/web/prims/PingSession3Object.java",
            "/var/application/src-web/daytrader-ee7-web/src/main/java/com/ibm/websphere/samples/daytrader/web/prims/PingUpgradeServlet.java",
            "/var/application/src-web/daytrader-ee7-web/src/main/java/com/ibm/websphere/samples/daytrader/web/prims/PingWebSocketBinary.java",
            "/var/application/src-web/daytrader-ee7-web/src/main/java/com/ibm/websphere/samples/daytrader/web/prims/PingWebSocketJson.java",
            "/var/application/src-web/daytrader-ee7-web/src/main/java/com/ibm/websphere/samples/daytrader/web/prims/PingWebSocketTextAsync.java",
            "/var/application/src-web/daytrader-ee7-web/src/main/java/com/ibm/websphere/samples/daytrader/web/prims/PingWebSocketTextSync.java",
            "/var/application/src-web/daytrader-ee7-web/src/main/java/com/ibm/websphere/samples/daytrader/web/prims/ejb3/PingServlet2Entity.java",
            "/var/application/src-web/daytrader-ee7-web/src/main/java/com/ibm/websphere/samples/daytrader/web/prims/ejb3/PingServlet2MDBQueue.java",
            "/var/application/src-web/daytrader-ee7-web/src/main/java/com/ibm/websphere/samples/daytrader/web/prims/ejb3/PingServlet2MDBTopic.java",
            "/var/application/src-web/daytrader-ee7-web/src/main/java/com/ibm/websphere/samples/daytrader/web/prims/ejb3/PingServlet2Session2CMROne2Many.java",
            "/var/application/src-web/daytrader-ee7-web/src/main/java/com/ibm/websphere/samples/daytrader/web/prims/ejb3/PingServlet2Session2CMROne2One.java",
            "/var/application/src-web/daytrader-ee7-web/src/main/java/com/ibm/websphere/samples/daytrader/web/prims/ejb3/PingServlet2Session2Entity.java",
            "/var/application/src-web/daytrader-ee7-web/src/main/java/com/ibm/websphere/samples/daytrader/web/prims/ejb3/PingServlet2Session2Entity2JSP.java",
            "/var/application/src-web/daytrader-ee7-web/src/main/java/com/ibm/websphere/samples/daytrader/web/prims/ejb3/PingServlet2Session2EntityCollection.java",
            "/var/application/src-web/daytrader-ee7-web/src/main/java/com/ibm/websphere/samples/daytrader/web/prims/ejb3/PingServlet2SessionLocal.java",
            "/var/application/src-web/daytrader-ee7-web/src/main/java/com/ibm/websphere/samples/daytrader/web/prims/ejb3/PingServlet2SessionRemote.java",
            "/var/application/src-web/daytrader-ee7-web/src/main/java/com/ibm/websphere/samples/daytrader/web/prims/ejb3/PingServlet2TwoPhase.java",
            "/var/application/src-web/daytrader-ee7-web/src/main/java/com/ibm/websphere/samples/daytrader/web/websocket/ActionDecoder.java",
            "/var/application/src-web/daytrader-ee7-web/src/main/java/com/ibm/websphere/samples/daytrader/web/websocket/JsonDecoder.java",
            "/var/application/src-web/daytrader-ee7-web/src/main/java/com/ibm/websphere/samples/daytrader/web/websocket/JsonEncoder.java",
            "/var/application/src-web/daytrader-ee7-web/src/main/java/com/ibm/websphere/samples/daytrader/web/websocket/JsonMessage.java",
            "/var/application/src-web/daytrader-ee7-web/src/main/java/com/ibm/websphere/samples/daytrader/web/websocket/RecentStockChangeList.java"
        ],
        "Util": [
            "/var/application/src-web/application/src/com/ibm/cardinal/util/CardinalException.java",
            "/var/application/src-web/application/src/com/ibm/cardinal/util/CardinalLogger.java",
            "/var/application/src-web/application/src/com/ibm/cardinal/util/CardinalString.java",
            "/var/application/src-web/application/src/com/ibm/cardinal/util/ClusterObjectManager.java",
            "/var/application/src-web/application/src/com/ibm/cardinal/util/KluInterface.java",
            "/var/application/src-web/application/src/com/ibm/cardinal/util/SerializationUtil.java"
        ],
        "Extern": []
    },
    "partition_2": {
        "Dir": "/var/application/src-partition_2",
        "Proxy": [
            "/var/application/src-partition_2/daytrader-ee7-ejb/src/main/java/com/ibm/websphere/samples/daytrader/TradeAction.java",
            "/var/application/src-partition_2/daytrader-ee7-ejb/src/main/java/com/ibm/websphere/samples/daytrader/beans/MarketSummaryDataBean.java",
            "/var/application/src-partition_2/daytrader-ee7-ejb/src/main/java/com/ibm/websphere/samples/daytrader/entities/AccountDataBean.java",
            "/var/application/src-partition_2/daytrader-ee7-ejb/src/main/java/com/ibm/websphere/samples/daytrader/entities/AccountProfileDataBean.java",
            "/var/application/src-partition_2/daytrader-ee7-ejb/src/main/java/com/ibm/websphere/samples/daytrader/entities/HoldingDataBean.java",
            "/var/application/src-partition_2/daytrader-ee7-ejb/src/main/java/com/ibm/websphere/samples/daytrader/entities/OrderDataBean.java",
            "/var/application/src-partition_2/daytrader-ee7-ejb/src/main/java/com/ibm/websphere/samples/daytrader/entities/QuoteDataBean.java",
            "/var/application/src-partition_2/daytrader-ee7-ejb/src/main/java/com/ibm/websphere/samples/daytrader/util/FinancialUtils.java",
            "/var/application/src-partition_2/daytrader-ee7-ejb/src/main/java/com/ibm/websphere/samples/daytrader/util/Log.java",
            "/var/application/src-partition_2/daytrader-ee7-ejb/src/main/java/com/ibm/websphere/samples/daytrader/util/MDBStats.java",
            "/var/application/src-partition_2/daytrader-ee7-ejb/src/main/java/com/ibm/websphere/samples/daytrader/util/TimerStat.java",
            "/var/application/src-partition_2/daytrader-ee7-ejb/src/main/java/com/ibm/websphere/samples/daytrader/util/TradeConfig.java",
            "/var/application/src-partition_2/daytrader-ee7-web/src/main/java/com/ibm/websphere/samples/daytrader/web/websocket/ActionMessage.java"
        ],
        "Service": [
            "/var/application/src-partition_2/daytrader-ee7-ejb/src/main/java/com/ibm/websphere/samples/daytrader/beans/RunStatsDataBeanService.java",
            "/var/application/src-partition_2/daytrader-ee7-ejb/src/main/java/com/ibm/websphere/samples/daytrader/direct/TradeDirectService.java"
        ],
        "Real": [
            "/var/application/src-partition_2/daytrader-ee7-ejb/src/main/java/com/ibm/websphere/samples/daytrader/beans/RunStatsDataBean.java",
            "/var/application/src-partition_2/daytrader-ee7-ejb/src/main/java/com/ibm/websphere/samples/daytrader/direct/KeySequenceDirect.java",
            "/var/application/src-partition_2/daytrader-ee7-ejb/src/main/java/com/ibm/websphere/samples/daytrader/direct/TradeDirect.java",
            "/var/application/src-partition_2/daytrader-ee7-ejb/src/main/java/com/ibm/websphere/samples/daytrader/util/KeyBlock.java",
            "/var/application/src-partition_2/daytrader-ee7-web/src/main/java/com/ibm/websphere/samples/daytrader/web/jsf/JSFLoginFilter.java"
        ],
        "Dummy": [
            "/var/application/src-partition_2/daytrader-ee7-ejb/src/main/java/com/ibm/websphere/samples/daytrader/ejb3/DTBroker3MDB.java",
            "/var/application/src-partition_2/daytrader-ee7-ejb/src/main/java/com/ibm/websphere/samples/daytrader/ejb3/DTStreamer3MDB.java",
            "/var/application/src-partition_2/daytrader-ee7-ejb/src/main/java/com/ibm/websphere/samples/daytrader/ejb3/MarketSummarySingleton.java",
            "/var/application/src-partition_2/daytrader-ee7-ejb/src/main/java/com/ibm/websphere/samples/daytrader/ejb3/TradeSLSBBean.java",
            "/var/application/src-partition_2/daytrader-ee7-ejb/src/main/java/com/ibm/websphere/samples/daytrader/util/CompleteOrderThread.java",
            "/var/application/src-partition_2/daytrader-ee7-web/src/main/java/com/ibm/websphere/samples/daytrader/web/OrdersAlertFilter.java",
            "/var/application/src-partition_2/daytrader-ee7-web/src/main/java/com/ibm/websphere/samples/daytrader/web/TestServlet.java",
            "/var/application/src-partition_2/daytrader-ee7-web/src/main/java/com/ibm/websphere/samples/daytrader/web/TradeAppServlet.java",
            "/var/application/src-partition_2/daytrader-ee7-web/src/main/java/com/ibm/websphere/samples/daytrader/web/TradeBuildDB.java",
            "/var/application/src-partition_2/daytrader-ee7-web/src/main/java/com/ibm/websphere/samples/daytrader/web/TradeConfigServlet.java",
            "/var/application/src-partition_2/daytrader-ee7-web/src/main/java/com/ibm/websphere/samples/daytrader/web/TradeScenarioServlet.java",
            "/var/application/src-partition_2/daytrader-ee7-web/src/main/java/com/ibm/websphere/samples/daytrader/web/TradeServletAction.java",
            "/var/application/src-partition_2/daytrader-ee7-web/src/main/java/com/ibm/websphere/samples/daytrader/web/TradeWebContextListener.java",
            "/var/application/src-partition_2/daytrader-ee7-web/src/main/java/com/ibm/websphere/samples/daytrader/web/jsf/AccountDataJSF.java",
            "/var/application/src-partition_2/daytrader-ee7-web/src/main/java/com/ibm/websphere/samples/daytrader/web/jsf/ExternalContextProducer.java",
            "/var/application/src-partition_2/daytrader-ee7-web/src/main/java/com/ibm/websphere/samples/daytrader/web/jsf/HoldingData.java",
            "/var/application/src-partition_2/daytrader-ee7-web/src/main/java/com/ibm/websphere/samples/daytrader/web/jsf/LoginValidator.java",
            "/var/application/src-partition_2/daytrader-ee7-web/src/main/java/com/ibm/websphere/samples/daytrader/web/jsf/MarketSummaryJSF.java",
            "/var/application/src-partition_2/daytrader-ee7-web/src/main/java/com/ibm/websphere/samples/daytrader/web/jsf/OrderData.java",
            "/var/application/src-partition_2/daytrader-ee7-web/src/main/java/com/ibm/websphere/samples/daytrader/web/jsf/OrderDataJSF.java",
            "/var/application/src-partition_2/daytrader-ee7-web/src/main/java/com/ibm/websphere/samples/daytrader/web/jsf/PortfolioJSF.java",
            "/var/application/src-partition_2/daytrader-ee7-web/src/main/java/com/ibm/websphere/samples/daytrader/web/jsf/QuoteData.java",
            "/var/application/src-partition_2/daytrader-ee7-web/src/main/java/com/ibm/websphere/samples/daytrader/web/jsf/QuoteJSF.java",
            "/var/application/src-partition_2/daytrader-ee7-web/src/main/java/com/ibm/websphere/samples/daytrader/web/jsf/TradeActionProducer.java",
            "/var/application/src-partition_2/daytrader-ee7-web/src/main/java/com/ibm/websphere/samples/daytrader/web/jsf/TradeAppJSF.java",
            "/var/application/src-partition_2/daytrader-ee7-web/src/main/java/com/ibm/websphere/samples/daytrader/web/jsf/TradeConfigJSF.java",
            "/var/application/src-partition_2/daytrader-ee7-web/src/main/java/com/ibm/websphere/samples/daytrader/web/prims/ExplicitGC.java",
            "/var/application/src-partition_2/daytrader-ee7-web/src/main/java/com/ibm/websphere/samples/daytrader/web/prims/PingBean.java",
            "/var/application/src-partition_2/daytrader-ee7-web/src/main/java/com/ibm/websphere/samples/daytrader/web/prims/PingCDIBean.java",
            "/var/application/src-partition_2/daytrader-ee7-web/src/main/java/com/ibm/websphere/samples/daytrader/web/prims/PingCDIJSFBean.java",
            "/var/application/src-partition_2/daytrader-ee7-web/src/main/java/com/ibm/websphere/samples/daytrader/web/prims/PingEJBLocal.java",
            "/var/application/src-partition_2/daytrader-ee7-web/src/main/java/com/ibm/websphere/samples/daytrader/web/prims/PingEJBLocalDecorator.java",
            "/var/application/src-partition_2/daytrader-ee7-web/src/main/java/com/ibm/websphere/samples/daytrader/web/prims/PingInterceptor.java",
            "/var/application/src-partition_2/daytrader-ee7-web/src/main/java/com/ibm/websphere/samples/daytrader/web/prims/PingJDBCRead.java",
            "/var/application/src-partition_2/daytrader-ee7-web/src/main/java/com/ibm/websphere/samples/daytrader/web/prims/PingJDBCRead2JSP.java",
            "/var/application/src-partition_2/daytrader-ee7-web/src/main/java/com/ibm/websphere/samples/daytrader/web/prims/PingJDBCWrite.java",
            "/var/application/src-partition_2/daytrader-ee7-web/src/main/java/com/ibm/websphere/samples/daytrader/web/prims/PingJSONP.java",
            "/var/application/src-partition_2/daytrader-ee7-web/src/main/java/com/ibm/websphere/samples/daytrader/web/prims/PingManagedExecutor.java",
            "/var/application/src-partition_2/daytrader-ee7-web/src/main/java/com/ibm/websphere/samples/daytrader/web/prims/PingManagedThread.java",
            "/var/application/src-partition_2/daytrader-ee7-web/src/main/java/com/ibm/websphere/samples/daytrader/web/prims/PingReentryServlet.java",
            "/var/application/src-partition_2/daytrader-ee7-web/src/main/java/com/ibm/websphere/samples/daytrader/web/prims/PingServlet.java",
            "/var/application/src-partition_2/daytrader-ee7-web/src/main/java/com/ibm/websphere/samples/daytrader/web/prims/PingServlet2DB.java",
            "/var/application/src-partition_2/daytrader-ee7-web/src/main/java/com/ibm/websphere/samples/daytrader/web/prims/PingServlet2Include.java",
            "/var/application/src-partition_2/daytrader-ee7-web/src/main/java/com/ibm/websphere/samples/daytrader/web/prims/PingServlet2IncludeRcv.java",
            "/var/application/src-partition_2/daytrader-ee7-web/src/main/java/com/ibm/websphere/samples/daytrader/web/prims/PingServlet2JNDI.java",
            "/var/application/src-partition_2/daytrader-ee7-web/src/main/java/com/ibm/websphere/samples/daytrader/web/prims/PingServlet2Jsp.java",
            "/var/application/src-partition_2/daytrader-ee7-web/src/main/java/com/ibm/websphere/samples/daytrader/web/prims/PingServlet2PDF.java",
            "/var/application/src-partition_2/daytrader-ee7-web/src/main/java/com/ibm/websphere/samples/daytrader/web/prims/PingServlet2Servlet.java",
            "/var/application/src-partition_2/daytrader-ee7-web/src/main/java/com/ibm/websphere/samples/daytrader/web/prims/PingServlet2ServletRcv.java",
            "/var/application/src-partition_2/daytrader-ee7-web/src/main/java/com/ibm/websphere/samples/daytrader/web/prims/PingServlet30Async.java",
            "/var/application/src-partition_2/daytrader-ee7-web/src/main/java/com/ibm/websphere/samples/daytrader/web/prims/PingServlet31Async.java",
            "/var/application/src-partition_2/daytrader-ee7-web/src/main/java/com/ibm/websphere/samples/daytrader/web/prims/PingServlet31AsyncRead.java",
            "/var/application/src-partition_2/daytrader-ee7-web/src/main/java/com/ibm/websphere/samples/daytrader/web/prims/PingServletCDI.java",
            "/var/application/src-partition_2/daytrader-ee7-web/src/main/java/com/ibm/websphere/samples/daytrader/web/prims/PingServletCDIBeanManagerViaCDICurrent.java",
            "/var/application/src-partition_2/daytrader-ee7-web/src/main/java/com/ibm/websphere/samples/daytrader/web/prims/PingServletCDIBeanManagerViaJNDI.java",
            "/var/application/src-partition_2/daytrader-ee7-web/src/main/java/com/ibm/websphere/samples/daytrader/web/prims/PingServletLargeContentLength.java",
            "/var/application/src-partition_2/daytrader-ee7-web/src/main/java/com/ibm/websphere/samples/daytrader/web/prims/PingServletSetContentLength.java",
            "/var/application/src-partition_2/daytrader-ee7-web/src/main/java/com/ibm/websphere/samples/daytrader/web/prims/PingServletWriter.java",
            "/var/application/src-partition_2/daytrader-ee7-web/src/main/java/com/ibm/websphere/samples/daytrader/web/prims/PingSession1.java",
            "/var/application/src-partition_2/daytrader-ee7-web/src/main/java/com/ibm/websphere/samples/daytrader/web/prims/PingSession2.java",
            "/var/application/src-partition_2/daytrader-ee7-web/src/main/java/com/ibm/websphere/samples/daytrader/web/prims/PingSession3.java",
            "/var/application/src-partition_2/daytrader-ee7-web/src/main/java/com/ibm/websphere/samples/daytrader/web/prims/PingSession3Object.java",
            "/var/application/src-partition_2/daytrader-ee7-web/src/main/java/com/ibm/websphere/samples/daytrader/web/prims/PingUpgradeServlet.java",
            "/var/application/src-partition_2/daytrader-ee7-web/src/main/java/com/ibm/websphere/samples/daytrader/web/prims/PingWebSocketBinary.java",
            "/var/application/src-partition_2/daytrader-ee7-web/src/main/java/com/ibm/websphere/samples/daytrader/web/prims/PingWebSocketJson.java",
            "/var/application/src-partition_2/daytrader-ee7-web/src/main/java/com/ibm/websphere/samples/daytrader/web/prims/PingWebSocketTextAsync.java",
            "/var/application/src-partition_2/daytrader-ee7-web/src/main/java/com/ibm/websphere/samples/daytrader/web/prims/PingWebSocketTextSync.java",
            "/var/application/src-partition_2/daytrader-ee7-web/src/main/java/com/ibm/websphere/samples/daytrader/web/prims/ejb3/PingServlet2Entity.java",
            "/var/application/src-partition_2/daytrader-ee7-web/src/main/java/com/ibm/websphere/samples/daytrader/web/prims/ejb3/PingServlet2MDBQueue.java",
            "/var/application/src-partition_2/daytrader-ee7-web/src/main/java/com/ibm/websphere/samples/daytrader/web/prims/ejb3/PingServlet2MDBTopic.java",
            "/var/application/src-partition_2/daytrader-ee7-web/src/main/java/com/ibm/websphere/samples/daytrader/web/prims/ejb3/PingServlet2Session2CMROne2Many.java",
            "/var/application/src-partition_2/daytrader-ee7-web/src/main/java/com/ibm/websphere/samples/daytrader/web/prims/ejb3/PingServlet2Session2CMROne2One.java",
            "/var/application/src-partition_2/daytrader-ee7-web/src/main/java/com/ibm/websphere/samples/daytrader/web/prims/ejb3/PingServlet2Session2Entity.java",
            "/var/application/src-partition_2/daytrader-ee7-web/src/main/java/com/ibm/websphere/samples/daytrader/web/prims/ejb3/PingServlet2Session2Entity2JSP.java",
            "/var/application/src-partition_2/daytrader-ee7-web/src/main/java/com/ibm/websphere/samples/daytrader/web/prims/ejb3/PingServlet2Session2EntityCollection.java",
            "/var/application/src-partition_2/daytrader-ee7-web/src/main/java/com/ibm/websphere/samples/daytrader/web/prims/ejb3/PingServlet2SessionLocal.java",
            "/var/application/src-partition_2/daytrader-ee7-web/src/main/java/com/ibm/websphere/samples/daytrader/web/prims/ejb3/PingServlet2SessionRemote.java",
            "/var/application/src-partition_2/daytrader-ee7-web/src/main/java/com/ibm/websphere/samples/daytrader/web/prims/ejb3/PingServlet2TwoPhase.java",
            "/var/application/src-partition_2/daytrader-ee7-web/src/main/java/com/ibm/websphere/samples/daytrader/web/websocket/ActionDecoder.java",
            "/var/application/src-partition_2/daytrader-ee7-web/src/main/java/com/ibm/websphere/samples/daytrader/web/websocket/JsonDecoder.java",
            "/var/application/src-partition_2/daytrader-ee7-web/src/main/java/com/ibm/websphere/samples/daytrader/web/websocket/JsonEncoder.java",
            "/var/application/src-partition_2/daytrader-ee7-web/src/main/java/com/ibm/websphere/samples/daytrader/web/websocket/JsonMessage.java",
            "/var/application/src-partition_2/daytrader-ee7-web/src/main/java/com/ibm/websphere/samples/daytrader/web/websocket/RecentStockChangeList.java"
        ],
        "Util": [
            "/var/application/src-partition_2/application/src/com/ibm/cardinal/config/JAXRSConfiguration.java",
            "/var/application/src-partition_2/application/src/com/ibm/cardinal/util/CardinalException.java",
            "/var/application/src-partition_2/application/src/com/ibm/cardinal/util/CardinalLogger.java",
            "/var/application/src-partition_2/application/src/com/ibm/cardinal/util/CardinalString.java",
            "/var/application/src-partition_2/application/src/com/ibm/cardinal/util/ClusterObjectManager.java",
            "/var/application/src-partition_2/application/src/com/ibm/cardinal/util/KluInterface.java",
            "/var/application/src-partition_2/application/src/com/ibm/cardinal/util/SerializationUtil.java"
        ],
        "Extern": []
    }
}