<!-- 
 * (C) Copyright IBM Corporation 2015.
 *
 * Licensed under the Apache License, Version 2.0 (the "License");
 * you may not use this file except in compliance with the License.
 * You may obtain a copy of the License at
 *
 * http://www.apache.org/licenses/LICENSE-2.0
 *
 * Unless required by applicable law or agreed to in writing, software
 * distributed under the License is distributed on an "AS IS" BASIS,
 * WITHOUT WARRANTIES OR CONDITIONS OF ANY KIND, either express or implied.
 * See the License for the specific language governing permissions and
 * limitations under the License.
-->

<application 
    xmlns="http://xmlns.jcp.org/xml/ns/javaee" 
    xmlns:xsi="http://www.w3.org/2001/XMLSchema-instance" 
    xsi:schemaLocation="http://xmlns.jcp.org/xml/ns/javaee http://xmlns.jcp.org/xml/ns/javaee/application_7.xsd" version="7">
  <description>DayTrader Stock Trading Performance Benchmark Sample</description>
  <display-name>DayTrader</display-name>
  <module>
  	<web>
  		<web-uri>daytrader-ee7-web.war</web-uri>
  		<context-root>/daytrader</context-root>
  	</web>
  </module>
  <module>
  	<ejb>daytrader-ee7-ejb.jar</ejb>
  </module>
  <!-- should not represent util jars meant for general ear-wide use as a java module as that implies it's a JEE client app
  <module>
  	<java>cardinal-utils.jar</java>
  </module>
  -->

</application>