<?xml version="1.0" encoding="utf-8" ?>
<nlog xmlns="http://www.nlog-project.org/schemas/NLog.xsd" 
      xmlns:xsi="http://www.w3.org/2001/XMLSchema-instance"
      autoReload="true"
>
    <!-- enable asp.net core layout renderers -->
    <extensions>
        <add assembly="NLog.Web.AspNetCore"/>
    </extensions>
    
    <targets>
        <target name="logconsole" xsi:type="Console" 
                layout="${longdate} | ${level:uppercase=true} | ${logger} | ${message} ${exception:format=tostring}"/>
		<target xsi:type="File" name="file" fileName="${basedir}/Log/log.txt" archiveFileName="log.{#}.txt" archiveNumbering="Date" archiveEvery="Day" archiveDateFormat="yyyyMMdd" />
     </targets>
    
    <rules>
       <logger name="*" minlevel="Trace" writeTo="logconsole" />
	   <logger name="*" minlevel="Trace" writeTo="file" />
     </rules>
</nlog>
