<!-- 
 * (C) Copyright IBM Corporation 2015.
 *
 * Licensed under the Apache License, Version 2.0 (the "License");
 * you may not use this file except in compliance with the License.
 * You may obtain a copy of the License at
 *
 * http://www.apache.org/licenses/LICENSE-2.0
 *
 * Unless required by applicable law or agreed to in writing, software
 * distributed under the License is distributed on an "AS IS" BASIS,
 * WITHOUT WARRANTIES OR CONDITIONS OF ANY KIND, either express or implied.
 * See the License for the specific language governing permissions and
 * limitations under the License.
-->
<ejb-jar xmlns="http://xmlns.jcp.org/xml/ns/javaee"
         xmlns:xsi="http://www.w3.org/2001/XMLSchema-instance"
         xsi:schemaLocation="http://xmlns.jcp.org/xml/ns/javaee http://xmlns.jcp.org/xml/ns/javaee/ejb-jar_3_2.xsd"
         version="3.2">
    <display-name>DayTrader Enterprise Bean Definitions</display-name>

    <!-- All EJB 3.1 properties and attributes have been applied to the various 
        DayTrader entity, session and message driven beans using annotations. The 
        inline annotations can be overriden by modifing this file. -->
    <assembly-descriptor>
        <security-role>
            <role-name>grp1</role-name>
        </security-role>
        <security-role>
            <role-name>grp2</role-name>
        </security-role>
        <security-role>
            <role-name>grp3</role-name>
        </security-role>
        <security-role>
            <role-name>grp4</role-name>
        </security-role>
        <security-role>
            <role-name>grp5</role-name>
        </security-role>
        <method-permission>
            <role-name>grp1</role-name>
            <role-name>grp2</role-name>
            <role-name>grp3</role-name>
            <role-name>grp4</role-name>
            <role-name>grp5</role-name>
            <method>
                <ejb-name>DirectSLSBBean</ejb-name>
                <method-name>buy</method-name>
                <method-params>
                    <method-param>java.lang.String</method-param>
                    <method-param>java.lang.String</method-param>
                    <method-param>double</method-param>
                    <method-param>int</method-param>
                </method-params>
            </method>
            <method>
                <ejb-name>DirectSLSBBean</ejb-name>
                <method-name>cancelOrder</method-name>
                <method-params>
                    <method-param>java.lang.Integer</method-param>
                    <method-param>boolean</method-param>
                </method-params>
            </method>
            <method>
                <ejb-name>DirectSLSBBean</ejb-name>
                <method-name>completeOrder</method-name>
                <method-params>
                    <method-param>java.lang.Integer</method-param>
                    <method-param>boolean</method-param>
                </method-params>
            </method>
            <method>
                <ejb-name>DirectSLSBBean</ejb-name>
                <method-name>createQuote</method-name>
                <method-params>
                    <method-param>java.lang.String</method-param>
                    <method-param>java.lang.String</method-param>
                    <method-param>java.math.BigDecimal</method-param>
                </method-params>
            </method>
            <method>
                <ejb-name>DirectSLSBBean</ejb-name>
                <method-name>getAccountData</method-name>
                <method-params>
                    <method-param>java.lang.String</method-param>
                </method-params>
            </method>
            <method>
                <ejb-name>DirectSLSBBean</ejb-name>
                <method-name>getAccountProfileData</method-name>
                <method-params>
                    <method-param>java.lang.String</method-param>
                </method-params>
            </method>
            <method>
                <ejb-name>DirectSLSBBean</ejb-name>
                <method-name>getAllQuotes</method-name>
                <method-params>
                    <method-param />
                </method-params>
            </method>
            <method>
                <ejb-name>DirectSLSBBean</ejb-name>
                <method-name>getClosedOrders</method-name>
                <method-params>
                    <method-param>java.lang.String</method-param>
                </method-params>
            </method>
            <method>
                <ejb-name>DirectSLSBBean</ejb-name>
                <method-name>getHolding</method-name>
                <method-params>
                    <method-param>java.lang.Integer</method-param>
                </method-params>
            </method>
            <method>
                <ejb-name>DirectSLSBBean</ejb-name>
                <method-name>getHoldings</method-name>
                <method-params>
                    <method-param>java.lang.String</method-param>
                </method-params>
            </method>
            <method>
                <ejb-name>DirectSLSBBean</ejb-name>
                <method-name>getMarketSummary</method-name>
                <method-params>
                    <method-param />
                </method-params>
            </method>
            <method>
                <ejb-name>DirectSLSBBean</ejb-name>
                <method-name>getOrders</method-name>
                <method-params>
                    <method-param>java.lang.String</method-param>
                </method-params>
            </method>
            <method>
                <ejb-name>DirectSLSBBean</ejb-name>
                <method-name>getQuote</method-name>
                <method-params>
                    <method-param>java.lang.String</method-param>
                </method-params>
            </method>
            <method>
                <ejb-name>DirectSLSBBean</ejb-name>
                <method-name>login</method-name>
                <method-params>
                    <method-param>java.lang.String</method-param>
                    <method-param>java.lang.String</method-param>
                </method-params>
            </method>
            <method>
                <ejb-name>DirectSLSBBean</ejb-name>
                <method-name>logout</method-name>
                <method-params>
                    <method-param>java.lang.String</method-param>
                </method-params>
            </method>
            <method>
                <ejb-name>DirectSLSBBean</ejb-name>
                <method-name>orderCompleted</method-name>
                <method-params>
                    <method-param>java.lang.String</method-param>
                    <method-param>java.lang.Integer</method-param>
                </method-params>
            </method>
            <method>
                <ejb-name>DirectSLSBBean</ejb-name>
                <method-name>queueOrder</method-name>
                <method-params>
                    <method-param>java.lang.Integer</method-param>
                    <method-param>boolean</method-param>
                </method-params>
            </method>
            <method>
                <ejb-name>DirectSLSBBean</ejb-name>
                <method-name>register</method-name>
                <method-params>
                    <method-param>java.lang.String</method-param>
                    <method-param>java.lang.String</method-param>
                    <method-param>java.lang.String</method-param>
                    <method-param>java.lang.String</method-param>
                    <method-param>java.lang.String</method-param>
                    <method-param>java.lang.String</method-param>
                    <method-param>java.math.BigDecimal</method-param>
                </method-params>
            </method>
            <method>
                <ejb-name>DirectSLSBBean</ejb-name>
                <method-name>sell</method-name>
                <method-params>
                    <method-param>java.lang.String</method-param>
                    <method-param>java.lang.Integer</method-param>
                    <method-param>int</method-param>
                </method-params>
            </method>
            <method>
                <ejb-name>DirectSLSBBean</ejb-name>
                <method-name>updateAccountProfile</method-name>
                <method-params>
                    <method-param>
                        com.ibm.websphere.samples.daytrader.AccountProfileDataBean
                    </method-param>
                </method-params>
            </method>
            <method>
                <ejb-name>DirectSLSBBean</ejb-name>
                <method-name>updateQuotePriceVolume</method-name>
                <method-params>
                    <method-param>java.lang.String</method-param>
                    <method-param>java.math.BigDecimal</method-param>
                    <method-param>double</method-param>
                </method-params>
            </method>
            <method>
                <ejb-name>TradeSLSBBean</ejb-name>
                <method-name>buy</method-name>
                <method-params>
                    <method-param>java.lang.String</method-param>
                    <method-param>java.lang.String</method-param>
                    <method-param>double</method-param>
                    <method-param>int</method-param>
                </method-params>
            </method>
            <method>
                <ejb-name>TradeSLSBBean</ejb-name>
                <method-name>cancelOrder</method-name>
                <method-params>
                    <method-param>java.lang.Integer</method-param>
                    <method-param>boolean</method-param>
                </method-params>
            </method>
            <method>
                <ejb-name>TradeSLSBBean</ejb-name>
                <method-name>completeOrder</method-name>
                <method-params>
                    <method-param>java.lang.Integer</method-param>
                    <method-param>boolean</method-param>
                </method-params>
            </method>
            <method>
                <ejb-name>TradeSLSBBean</ejb-name>
                <method-name>createHolding</method-name>
                <method-params>
                    <method-param>
                        com.ibm.websphere.samples.daytrader.AccountDataBean
                    </method-param>
                    <method-param>
                        com.ibm.websphere.samples.daytrader.QuoteDataBean
                    </method-param>
                    <method-param>double</method-param>
                    <method-param>java.math.BigDecimal</method-param>
                </method-params>
            </method>
            <method>
                <ejb-name>TradeSLSBBean</ejb-name>
                <method-name>createOrder</method-name>
                <method-params>
                    <method-param>
                        com.ibm.websphere.samples.daytrader.AccountDataBean
                    </method-param>
                    <method-param>
                        com.ibm.websphere.samples.daytrader.QuoteDataBean
                    </method-param>
                    <method-param>
                        com.ibm.websphere.samples.daytrader.HoldingDataBean
                    </method-param>
                    <method-param>java.lang.String</method-param>
                    <method-param>double</method-param>
                </method-params>
            </method>
            <method>
                <ejb-name>TradeSLSBBean</ejb-name>
                <method-name>createQuote</method-name>
                <method-params>
                    <method-param>java.lang.String</method-param>
                    <method-param>java.lang.String</method-param>
                    <method-param>java.math.BigDecimal</method-param>
                </method-params>
            </method>
            <method>
                <ejb-name>TradeSLSBBean</ejb-name>
                <method-name>getAccountData</method-name>
                <method-params>
                    <method-param>java.lang.String</method-param>
                </method-params>
            </method>
            <method>
                <ejb-name>TradeSLSBBean</ejb-name>
                <method-name>getAccountProfileData</method-name>
                <method-params>
                    <method-param>java.lang.String</method-param>
                </method-params>
            </method>
            <method>
                <ejb-name>TradeSLSBBean</ejb-name>
                <method-name>getAllQuotes</method-name>
                <method-params>
                    <method-param />
                </method-params>
            </method>
            <method>
                <ejb-name>TradeSLSBBean</ejb-name>
                <method-name>getClosedOrders</method-name>
                <method-params>
                    <method-param>java.lang.String</method-param>
                </method-params>
            </method>
            <method>
                <ejb-name>TradeSLSBBean</ejb-name>
                <method-name>getHolding</method-name>
                <method-params>
                    <method-param>java.lang.Integer</method-param>
                </method-params>
            </method>
            <method>
                <ejb-name>TradeSLSBBean</ejb-name>
                <method-name>getHoldings</method-name>
                <method-params>
                    <method-param>java.lang.String</method-param>
                </method-params>
            </method>
            <method>
                <ejb-name>TradeSLSBBean</ejb-name>
                <method-name>getMarketSummary</method-name>
                <method-params>
                    <method-param />
                </method-params>
            </method>
            <method>
                <ejb-name>TradeSLSBBean</ejb-name>
                <method-name>getOrders</method-name>
                <method-params>
                    <method-param>java.lang.String</method-param>
                </method-params>
            </method>
            <method>
                <ejb-name>TradeSLSBBean</ejb-name>
                <method-name>getQuote</method-name>
                <method-params>
                    <method-param>java.lang.String</method-param>
                </method-params>
            </method>
            <method>
                <ejb-name>TradeSLSBBean</ejb-name>
                <method-name>investmentReturn</method-name>
                <method-params>
                    <method-param>double</method-param>
                    <method-param>double</method-param>
                </method-params>
            </method>
            <method>
                <ejb-name>TradeSLSBBean</ejb-name>
                <method-name>login</method-name>
                <method-params>
                    <method-param>java.lang.String</method-param>
                    <method-param>java.lang.String</method-param>
                </method-params>
            </method>
            <method>
                <ejb-name>TradeSLSBBean</ejb-name>
                <method-name>logout</method-name>
                <method-params>
                    <method-param>java.lang.String</method-param>
                </method-params>
            </method>
            <method>
                <ejb-name>TradeSLSBBean</ejb-name>
                <method-name>orderCompleted</method-name>
                <method-params>
                    <method-param>java.lang.String</method-param>
                    <method-param>java.lang.Integer</method-param>
                </method-params>
            </method>
            <method>
                <ejb-name>TradeSLSBBean</ejb-name>
                <method-name>pingTwoPhase</method-name>
                <method-params>
                    <method-param>java.lang.String</method-param>
                </method-params>
            </method>
            <method>
                <ejb-name>TradeSLSBBean</ejb-name>
                <method-name>publishQuotePriceChange</method-name>
                <method-params>
                    <method-param>
                        com.ibm.websphere.samples.daytrader.QuoteDataBean
                    </method-param>
                    <method-param>java.math.BigDecimal</method-param>
                    <method-param>java.math.BigDecimal</method-param>
                    <method-param>double</method-param>
                </method-params>
            </method>
            <method>
                <ejb-name>TradeSLSBBean</ejb-name>
                <method-name>queueOrder</method-name>
                <method-params>
                    <method-param>java.lang.Integer</method-param>
                    <method-param>boolean</method-param>
                </method-params>
            </method>
            <method>
                <ejb-name>TradeSLSBBean</ejb-name>
                <method-name>register</method-name>
                <method-params>
                    <method-param>java.lang.String</method-param>
                    <method-param>java.lang.String</method-param>
                    <method-param>java.lang.String</method-param>
                    <method-param>java.lang.String</method-param>
                    <method-param>java.lang.String</method-param>
                    <method-param>java.lang.String</method-param>
                    <method-param>java.math.BigDecimal</method-param>
                </method-params>
            </method>
            <method>
                <ejb-name>TradeSLSBBean</ejb-name>
                <method-name>sell</method-name>
                <method-params>
                    <method-param>java.lang.String</method-param>
                    <method-param>java.lang.Integer</method-param>
                    <method-param>int</method-param>
                </method-params>
            </method>
            <method>
                <ejb-name>TradeSLSBBean</ejb-name>
                <method-name>updateAccountProfile</method-name>
                <method-params>
                    <method-param>
                        com.ibm.websphere.samples.daytrader.AccountProfileDataBean
                    </method-param>
                </method-params>
            </method>
            <method>
                <ejb-name>TradeSLSBBean</ejb-name>
                <method-name>updateQuotePriceVolume</method-name>
                <method-params>
                    <method-param>java.lang.String</method-param>
                    <method-param>java.math.BigDecimal</method-param>
                    <method-param>double</method-param>
                </method-params>
            </method>
        </method-permission> 

    </assembly-descriptor>
</ejb-jar>
